Workbook

Sheet Cómo usarla
A1: Velli · Plantilla de precios para probar en papel
B3: Para qué sirve
B4: Antes de construir el cotizador en la app, queremos comprobar con 3 salones reales dos cosas: si cuatro variables del diagnóstico (largo, densidad, estado de la fibra y canas) explican cómo cobran, y cuánto cambia lo cobrado según quién atiende.
B5: Cómo usarla
B6: 1. Haz una copia del archivo por salón (por ejemplo: plantilla-precios-SalonA.xlsx).
B7: 2. Con el dueño, en 30 a 45 minutos: llena Servicios, Ajustes, Productos, Consumo y Comisiones.
B8: 3. En el Simulador, prueba 3 o 4 casos reales y ajusta hasta que el dueño diga «sí, así cobro».
B9: 4. Durante una semana, anota en Registro cada servicio real: la hoja calcula su precio y tú escribes lo que se cobró.
B10: 5. Al final, mira el Resumen: cuántos casos coinciden con la hoja (±5 %) y cuánto se separa cada estilista.
B11: Leyenda
A12: Abc | B12: Celda para llenar. Lo que ya trae en azul es un ejemplo o un valor de partida: cámbialo con el dueño.
A13: 123 | B13: Fórmula: no la toques.
A14: 123 | B14: Dato traído de otra hoja.
B15: Las filas «Ejemplo · …» muestran el formato esperado. Puedes sobrescribirlas.
B16: Qué queremos aprender
B17: • ¿Bastan las cuatro variables, o el dueño cobra por algo más? Anótalo en Registro, columna «¿Algo que la hoja no considera?».
B18: • ¿El dueño piensa los ajustes como porcentaje, como suma fija o ambos?
B19: • ¿Cuánto se separa cada estilista del precio de la hoja?
B20: • ¿Los gramos que gasta el salón en color se parecen a los factores de la hoja Consumo?
B21: Estándares de Velli (se pueden ajustar con el salón)
B22: Largo: corto (mentón), medio (hombros o clavícula), largo (media espalda o tira del brasier), extra largo (cintura o más).
B23: Estado de la fibra: sana o virgen (sin recargo); procesada o porosa (sugerir un tratamiento sellante); sensibilizada o muy dañada (prueba de mechón y aditivo protector Plex obligatorios en servicios químicos).
B24: Canas: 0–25 %, 25–50 %, 50–75 % (+15 % de producto por saturación) y 75–100 % (+20 % de producto y técnica de prepigmentación).
B25: Privacidad
B26: En Registro escribe solo las iniciales de la clienta. No anotes datos de salud capilar ni del diagnóstico.
... B28: docs/velli-bi/02-diseno-cotizador.md (secciones 1.1, 1.2 y 3). Precio = redondeo((base + sumas) × (1 + porcentajes)).

Sheet Servicios
A1: Servicios del salón
A2: Precio base = lo que cobra el salón con cabello corto, densidad media, fibra sana y hasta 25 % de canas. Las columnas «Ajusta por…» dicen qué variables cambian el precio de ese servicio.
A4: Salón | D4: Ciudad
A5: Fecha de la visita | D5: Redondeo del precio ($) | E5: 1000
A6: Vigencia de la cotización (días) | B6: 15
A8: Servicio | B8: Categoría | C8: Precio base ($) | D8: Ajusta por largo | E8: Ajusta por densidad | F8: Ajusta por estado de la fibra | G8: Ajusta por canas | H8: ¿Usa fórmula de color? | I8: Gramos de tinte base | J8: Insumos fijos ($) | K8: Duración (min) | L8: Notas
A9: Ejemplo · Tinte completo | B9: color | C9: 120000 | D9: Sí | E9: Sí | F9: No | G9: Sí | H9: Sí | I9: 60 | J9: 3000 | K9: 120 | L9: Precio de ejemplo para cabello corto y densidad media
A10: Corte | B10: corte
A11: Color y mechas | B11: color
A12: Tratamiento capilar | B12: tratamiento
A13: Keratina y alisado | B13: alisado
A14: Rizos y definición | B14: rizos
A15: Peinado y brushing | B15: peinado
A16: Cuero cabelludo | B16: cuero cabelludo
A17: Extensiones | B17: extensiones

Sheet Ajustes
A1: Ajustes por variable
A2: Cuánto sube el precio según cada variable. Puedes usar suma fija, porcentaje o ambos: precio = (base + sumas) × (1 + porcentajes). El valor de referencia (corto, media, sana, 0–25 % de canas) siempre es 0.
A4: Variable | B4: Valor | C4: Cómo reconocerlo | D4: Suma ($) | E4: Porcentaje (%)
A5: Largo | B5: Corto | C5: Hasta el mentón (referencia) | D5: 0 | E5: 0
A6: Largo | B6: Medio | C6: Hasta los hombros o la clavícula | D6: 0 | E6: 0.2
A7: Largo | B7: Largo | C7: Hasta la media espalda o la tira del brasier | D7: 0 | E7: 0.4
A8: Largo | B8: Extra largo | C8: Hasta la cintura o más | D8: 0 | E8: 0.6
A9: Densidad | B9: Baja | C9: Se ve el cuero cabelludo a través del cabello | D9: 0 | E9: 0
A10: Densidad | B10: Media | C10: Se ve en parte (referencia) | D10: 0 | E10: 0
A11: Densidad | B11: Alta | C11: No se ve el cuero cabelludo | D11: 0 | E11: 0.15
A12: Estado de la fibra | B12: Sana / virgen | C12: Sin química previa ni daño, buena elasticidad (referencia, sin recargo) | D12: 0 | E12: 0
A13: Estado de la fibra | B13: Procesada / porosa | C13: Química previa (tinte, decoloración, alisado), porosidad alta o daño leve. Sugerir un tratamiento sellante | D13: 10000 | E13: 0
A14: Estado de la fibra | B14: Sensibilizada / muy dañada | C14: Elasticidad baja, puntas abiertas severas o daño químico. En químicos: prueba de mechón y aditivo Plex obligatorios | D14: 20000 | E14: 0
A15: Canas | B15: 0–25 % | C15: Sin canas o canas sueltas (referencia) | D15: 0 | E15: 0
A16: Canas | B16: 25–50 % | C16: Hasta la mitad | D16: 10000 | E16: 0
... A18: Canas | B18: 75–100 % | C18: Casi todo cano. +20 % de producto y técnica de prepigmentación | D18: 25000 | E18: 0

Sheet Productos
A1: Productos y precio de compra
A2: Lo que más usa el salón y cuánto le cuesta. El costo por gramo o mililitro se calcula solo.
A4: Producto | B4: Marca | C4: Tipo | D4: Presentación | E4: Unidad | F4: Precio de compra ($) | G4: Costo por g o ml ($) | H4: Notas
A5: Ejemplo · Tinte 60 g | B5: Marca X | C5: Tinte | D5: 60 | E5: g | F5: 30000 | G5: =IF(OR(D5="",F5="",D5=0),"",F5/D5) | H5: Precio ficticio
A6: Ejemplo · Oxidante 20 vol | B6: Marca X | C6: Oxidante | D6: 1000 | E6: ml | F6: 30000 | G6: =IF(OR(D6="",F6="",D6=0),"",F6/D6) | H6: Precio ficticio
G7: =IF(OR(D7="",F7="",D7=0),"",F7/D7)
G8: =IF(OR(D8="",F8="",D8=0),"",F8/D8)
G9: =IF(OR(D9="",F9="",D9=0),"",F9/D9)
G10: =IF(OR(D10="",F10="",D10=0),"",F10/D10)
G11: =IF(OR(D11="",F11="",D11=0),"",F11/D11)
G12: =IF(OR(D12="",F12="",D12=0),"",F12/D12)
G13: =IF(OR(D13="",F13="",D13=0),"",F13/D13)
G14: =IF(OR(D14="",F14="",D14=0),"",F14/D14)
G15: =IF(OR(D15="",F15="",D15=0),"",F15/D15)
G16: =IF(OR(D16="",F16="",D16=0),"",F16/D16)
G17: =IF(OR(D17="",F17="",D17=0),"",F17/D17)
G18: =IF(OR(D18="",F18="",D18=0),"",F18/D18)
... G34: =IF(OR(D34="",F34="",D34=0),"",F34/D34)

Sheet Consumo
A1: Consumo de producto en servicios de color
A2: La calculadora de color de Velli formula un tubo (60 g por defecto). Aquí el salón dice cuánto más gasta según el largo, la densidad y las canas. Pregúntale a la estilista que más color hace.
A4: Oxidante por cada gramo de tinte (1:1,5 → 1,5) | B4: 1.5
A6: Variable | B6: Valor | C6: Factor de consumo
A7: Largo | B7: =Ajustes!B5 | C7: 1
A8: Largo | B8: =Ajustes!B6 | C8: 1.5
A9: Largo | B9: =Ajustes!B7 | C9: 2
A10: Largo | B10: =Ajustes!B8 | C10: 3
A11: Densidad | B11: =Ajustes!B9 | C11: 0.8
A12: Densidad | B12: =Ajustes!B10 | C12: 1
A13: Densidad | B13: =Ajustes!B11 | C13: 1.3
A14: Canas | B14: =Ajustes!B15 | C14: 1
A15: Canas | B15: =Ajustes!B16 | C15: 1
A16: Canas | B16: =Ajustes!B17 | C16: 1.15
A17: Canas | B17: =Ajustes!B18 | C17: 1.2

Sheet Comisiones
A1: Comisiones por estilista
A2: Porcentaje que recibe cada estilista. Si en color recibe otro porcentaje, llena esa columna; si no, se usa el general.
A4: Estilista | B4: % general | C4: % en servicios de color (opcional) | D4: Se calcula sobre | E4: Notas
A5: Ejemplo · Caro | B5: 0.4 | D5: Precio | E5: Comisión de ejemplo

Sheet Simulador
A1: Simulador de una cotización
A2: Elige el servicio y las variables. La hoja calcula el precio, el costo de producto, la comisión y el margen.
A3: Datos de la cotización
A4: Servicio | B4: Ejemplo · Tinte completo
A5: Largo | B5: Medio
A6: Densidad | B6: Alta
A7: Estado de la fibra | B7: Sana / virgen
A8: Canas | B8: 50–75 %
A9: Estilista que atiende | B9: Ejemplo · Caro
A10: Tinte que se usa | B10: Ejemplo · Tinte 60 g
A11: Oxidante que se usa | B11: Ejemplo · Oxidante 20 vol
A13: Precio
A14: Fila del servicio (dato interno) | B14: =IFERROR(MATCH($B$4,Servicios!$A$9:$A$38,0),0)
A15: Precio base | B15: =IF($B$14=0,0,INDEX(Servicios!$C$9:$C$38,MAX(1,$B$14)))
A16: Suma por variables | B16: =IF($B$14=0,0,IF(INDEX(Servicios!$D$9:$D$38,MAX(1,$B$14))="Sí",SUMIFS(Ajustes!$D$5:$D$18,Ajustes!$A$5:$A$18,"Largo",Ajustes!$B$5:$B$18,""&$B$5),0)+IF(INDEX(Servicios!$E$9:$E$38,MAX(1,$B$14))="Sí",SUMIFS(Ajustes!$D$5:$D$18,Ajustes!$A$5:$A$18,"Densidad",Ajustes!$B$5:$B$18,""&$B$6),0)+IF(INDEX(Servicios!$F$9:$F$38,MAX(1,$B$14))="Sí",SUMIFS(Ajustes!$D$5:$D$18,Ajustes!$A$5:$A$18,"Estado de la fibra",Ajustes!$B$5:$B$18,""&$B$7),0)+IF(INDEX(Servicios!$G$9:$G$38,MAX(1,$B$14))="Sí",SUMIFS(Ajustes!$D$5:$D$18,Ajustes!$A$5:$A$18,"Canas",Ajustes!$B$5:$B$18,""&$B$8),0)) | C16: Sumas fijas de Ajustes, solo de las variables que aplican a este servicio.
A17: Porcentaje por variables | B17: =IF($B$14=0,0,IF(INDEX(Servicios!$D$9:$D$38,MAX(1,$B$14))="Sí",SUMIFS(Ajustes!$E$5:$E$18,Ajustes!$A$5:$A$18,"Largo",Ajustes!$B$5:$B$18,""&$B$5),0)+IF(INDEX(Servicios!$E$9:$E$38,MAX(1,$B$14))="Sí",SUMIFS(Ajustes!$E$5:$E$18,Ajustes!$A$5:$A$18,"Densidad",Ajustes!$B$5:$B$18,""&$B$6),0)+IF(INDEX(Servicios!$F$9:$F$38,MAX(1,$B$14))="Sí",SUMIFS(Ajustes!$E$5:$E$18,Ajustes!$A$5:$A$18,"Estado de la fibra",Ajustes!$B$5:$B$18,""&$B$7),0)+IF(INDEX(Servicios!$G$9:$G$38,MAX(1,$B$14))="Sí",SUMIFS(Ajustes!$E$5:$E$18,Ajustes!$A$5:$A$18,"Canas",Ajustes!$B$5:$B$18,""&$B$8),0)) | C17: Porcentajes de Ajustes, solo de las variables que aplican a este servicio.
A18: Precio sin redondear | B18: =(B15+B16)*(1+B17)
A19: Precio de la cotización | B19: =IF($B$14=0,0,ROUND((INDEX(Servicios!$C$9:$C$38,MAX(1,$B$14))+IF(INDEX(Servicios!$D$9:$D$38,MAX(1,$B$14))="Sí",SUMIFS(Ajustes!$D$5:$D$18,Ajustes!$A$5:$A$18,"Largo",Ajustes!$B$5:$B$18,""&$B$5),0)+IF(INDEX(Servicios!$E$9:$E$38,MAX(1,$B$14))="Sí",SUMIFS(Ajustes!$D$5:$D$18,Ajustes!$A$5:$A$18,"Densidad",Ajustes!$B$5:$B$18,""&$B$6),0)+IF(INDEX(Servicios!$F$9:$F$38,MAX(1,$B$14))="Sí",SUMIFS(Ajustes!$D$5:$D$18,Ajustes!$A$5:$A$18,"Estado de la fibra",Ajustes!$B$5:$B$18,""&$B$7),0)+IF(INDEX(Servicios!$G$9:$G$38,MAX(1,$B$14))="Sí",SUMIFS(Ajustes!$D$5:$D$18,Ajustes!$A$5:$A$18,"Canas",Ajustes!$B$5:$B$18,""&$B$8),0))*(1+IF(INDEX(Servicios!$D$9:$D$38,MAX(1,$B$14))="Sí",SUMIFS(Ajustes!$E$5:$E$18,Ajustes!$A$5:$A$18,"Largo",Ajustes!$B$5:$B$18,""&$B$5),0)+IF(INDEX(Servicios!$E$9:$E$38,MAX(1,$B$14))="Sí",SUMIFS(Ajustes!$E$5:$E$18,Ajustes!$A$5:$A$18,"Densidad",Ajustes!$B$5:$B$18,""&$B$6),0)+IF(INDEX(Servicios!$F$9:$F$38,MAX(1,$B$14))="Sí",SUMIFS(Ajustes!$E$5:$E$18,Ajustes!$A$5:$A$18,"Estado de la fibra",Ajustes!$B$5:$B$18,""&$B$7),0)+IF(INDEX(Servicios!$G$9:$G$38,MAX(1,$B$14))="Sí",SUMIFS(Ajustes!$E$5:$E$18,Ajustes!$A$5:$A$18,"Canas",Ajustes!$B$5:$B$18,""&$B$8),0))/MAX(1,Servicios!$E$5),0)*MAX(1,Servicios!$E$5)) | C19: Redondeado al múltiplo de Servicios › Redondeo.
A20: Válida hasta | B20: =TODAY()+Servicios!$B$6
A21: Avisos del estándar | B21: =IF($B$14=0,"",IF(AND($B$7="Sensibilizada / muy dañada",OR(INDEX(Servicios!$B$9:$B$38,MAX(1,$B$14))="color",INDEX(Servicios!$B$9:$B$38,MAX(1,$B$14))="decoloración",INDEX(Servicios!$B$9:$B$38,MAX(1,$B$14))="alisado")),"Obligatorio: prueba de mechón y aditivo protector Plex.","")&IF($B$7="Procesada / porosa","Sugerir un tratamiento sellante.","")&IF(AND(OR(AND($B$7="Sensibilizada / muy dañada",OR(INDEX(Servicios!$B$9:$B$38,MAX(1,$B$14))="color",INDEX(Servicios!$B$9:$B$38,MAX(1,$B$14))="decoloración",INDEX(Servicios!$B$9:$B$38,MAX(1,$B$14))="alisado")),$B$7="Procesada / porosa"),AND($B$8="75–100 %",B23="Sí"))," ","")&IF(AND($B$8="75–100 %",B23="Sí"),"Técnica de prepigmentación.","")) | C21: Del estándar de Velli: estado de la fibra y canas. La prueba de mechón aplica a servicios químicos.
A22: Costo de producto (servicios con fórmula de color)
A23: ¿Usa fórmula de color? | B23: =IF($B$14=0,"",INDEX(Servicios!$H$9:$H$38,MAX(1,$B$14)))
A24: Gramos de tinte base | B24: =IF($B$14=0,0,INDEX(Servicios!$I$9:$I$38,MAX(1,$B$14)))
A25: Factor por largo | B25: =SUMIFS(Consumo!$C$7:$C$17,Consumo!$A$7:$A$17,"Largo",Consumo!$B$7:$B$17,$B$5)
A26: Factor por densidad | B26: =SUMIFS(Consumo!$C$7:$C$17,Consumo!$A$7:$A$17,"Densidad",Consumo!$B$7:$B$17,$B$6)
A27: Factor por canas | B27: =SUMIFS(Consumo!$C$7:$C$17,Consumo!$A$7:$A$17,"Canas",Consumo!$B$7:$B$17,$B$8) | C27: Estándar: 50–75 % de canas suma 15 % de producto; 75–100 %, 20 %.
A28: Gramos de tinte estimados | B28: =IF(B23="Sí",B24*B25*B26*B27,0) | C28: Gramos base × factor por largo × factor por densidad × factor por canas.
A29: Costo del tinte | B29: =B28*IFERROR(INDEX(Productos!$G$5:$G$34,MATCH($B$10,Productos!$A$5:$A$34,0)),0)
A30: Mililitros de oxidante | B30: =B28*Consumo!$B$4
A31: Costo del oxidante | B31: =B30*IFERROR(INDEX(Productos!$G$5:$G$34,MATCH($B$11,Productos!$A$5:$A$34,0)),0)
A32: Insumos fijos | B32: =IF($B$14=0,0,IF(ISNUMBER(INDEX(Servicios!$J$9:$J$38,MAX(1,$B$14))),INDEX(Servicios!$J$9:$J$38,MAX(1,$B$14)),0))
A33: Costo total de producto | B33: =B29+B31+B32
A34: Comisión y margen
A35: Fila de la estilista (dato interno) | B35: =IFERROR(MATCH($B$9,Comisiones!$A$5:$A$19,0),0)
A36: % de comisión | B36: =IF($B$35=0,0,IF(AND(OR(INDEX(Servicios!$B$9:$B$38,MAX(1,$B$14))="color",INDEX(Servicios!$B$9:$B$38,MAX(1,$B$14))="decoloración"),ISNUMBER(INDEX(Comisiones!$C$5:$C$19,MAX(1,$B$35)))),INDEX(Comisiones!$C$5:$C$19,MAX(1,$B$35)),INDEX(Comisiones!$B$5:$B$19,MAX(1,$B$35)))) | C36: En color o decoloración usa el % de color si existe; si no, el general.
A37: Se calcula sobre | B37: =IF($B$35=0,"Precio",IF(INDEX(Comisiones!$D$5:$D$19,MAX(1,$B$35))="","Precio",INDEX(Comisiones!$D$5:$D$19,MAX(1,$B$35))))
A38: Comisión | B38: =B36*IF(B37="Precio menos producto",B19-B33,B19)
A39: Margen del salón | B39: =B19-B33-B38 | C39: Precio − costo de producto − comisión.
A40: Margen (%) | B40: =IF(B19>0,B39/B19,0)

Sheet Registro
A1: Registro de la prueba (una semana)
A2: Una fila por cada servicio real. La hoja calcula su precio y tú escribes lo que se cobró. Solo iniciales de la clienta; nada de datos de salud capilar.
A4: Fecha | B4: Estilista | C4: Clienta (iniciales) | D4: Servicio | E4: Largo | F4: Densidad | G4: Estado de la fibra | H4: Canas | I4: Precio según la hoja | J4: Precio cobrado | K4: Diferencia ($) | L4: Diferencia (%) | M4: ¿Por qué cambió? | N4: ¿Algo que la hoja no considera? | O4: Fila servicio | P4: Dentro de ±5 %
A5: 46317 | B5: Ejemplo · Caro | C5: L. M. | D5: Ejemplo · Tinte completo | E5: Medio | F5: Alta | G5: Sana / virgen | H5: 50–75 % | I5: =IF($O5=0,"",ROUND((INDEX(Servicios!$C$9:$C$38,MAX(1,$O5))+IF(INDEX(Servicios!$D$9:$D$38,MAX(1,$O5))="Sí",SUMIFS(Ajustes!$D$5:$D$18,Ajustes!$A$5:$A$18,"Largo",Ajustes!$B$5:$B$18,""&$E5),0)+IF(INDEX(Servicios!$E$9:$E$38,MAX(1,$O5))="Sí",SUMIFS(Ajustes!$D$5:$D$18,Ajustes!$A$5:$A$18,"Densidad",Ajustes!$B$5:$B$18,""&$F5),0)+IF(INDEX(Servicios!$F$9:$F$38,MAX(1,$O5))="Sí",SUMIFS(Ajustes!$D$5:$D$18,Ajustes!$A$5:$A$18,"Estado de la fibra",Ajustes!$B$5:$B$18,""&$G5),0)+IF(INDEX(Servicios!$G$9:$G$38,MAX(1,$O5))="Sí",SUMIFS(Ajustes!$D$5:$D$18,Ajustes!$A$5:$A$18,"Canas",Ajustes!$B$5:$B$18,""&$H5),0))*(1+IF(INDEX(Servicios!$D$9:$D$38,MAX(1,$O5))="Sí",SUMIFS(Ajustes!$E$5:$E$18,Ajustes!$A$5:$A$18,"Largo",Ajustes!$B$5:$B$18,""&$E5),0)+IF(INDEX(Servicios!$E$9:$E$38,MAX(1,$O5))="Sí",SUMIFS(Ajustes!$E$5:$E$18,Ajustes!$A$5:$A$18,"Densidad",Ajustes!$B$5:$B$18,""&$F5),0)+IF(INDEX(Servicios!$F$9:$F$38,MAX(1,$O5))="Sí",SUMIFS(Ajustes!$E$5:$E$18,Ajustes!$A$5:$A$18,"Estado de la fibra",Ajustes!$B$5:$B$18,""&$G5),0)+IF(INDEX(Servicios!$G$9:$G$38,MAX(1,$O5))="Sí",SUMIFS(Ajustes!$E$5:$E$18,Ajustes!$A$5:$A$18,"Canas",Ajustes!$B$5:$B$18,""&$H5),0))/MAX(1,Servicios!$E$5),0)*MAX(1,Servicios!$E$5)) | J5: 190000 | K5: =IF(OR(I5="",J5=""),"",J5-I5) | L5: =IF(OR(I5="",J5="",I5=0),"",J5/I5-1) | M5: Ejemplo: la clienta pidió matiz adicional | O5: =IF($D5="",0,IFERROR(MATCH($D5,Servicios!$A$9:$A$38,0),0)) | P5: =IF(OR(I5="",J5=""),"",IF(ABS(J5-I5)<=0.05*I5,1,0))
I6: =IF($O6=0,"",ROUND((INDEX(Servicios!$C$9:$C$38,MAX(1,$O6))+IF(INDEX(Servicios!$D$9:$D$38,MAX(1,$O6))="Sí",SUMIFS(Ajustes!$D$5:$D$18,Ajustes!$A$5:$A$18,"Largo",Ajustes!$B$5:$B$18,""&$E6),0)+IF(INDEX(Servicios!$E$9:$E$38,MAX(1,$O6))="Sí",SUMIFS(Ajustes!$D$5:$D$18,Ajustes!$A$5:$A$18,"Densidad",Ajustes!$B$5:$B$18,""&$F6),0)+IF(INDEX(Servicios!$F$9:$F$38,MAX(1,$O6))="Sí",SUMIFS(Ajustes!$D$5:$D$18,Ajustes!$A$5:$A$18,"Estado de la fibra",Ajustes!$B$5:$B$18,""&$G6),0)+IF(INDEX(Servicios!$G$9:$G$38,MAX(1,$O6))="Sí",SUMIFS(Ajustes!$D$5:$D$18,Ajustes!$A$5:$A$18,"Canas",Ajustes!$B$5:$B$18,""&$H6),0))*(1+IF(INDEX(Servicios!$D$9:$D$38,MAX(1,$O6))="Sí",SUMIFS(Ajustes!$E$5:$E$18,Ajustes!$A$5:$A$18,"Largo",Ajustes!$B$5:$B$18,""&$E6),0)+IF(INDEX(Servicios!$E$9:$E$38,MAX(1,$O6))="Sí",SUMIFS(Ajustes!$E$5:$E$18,Ajustes!$A$5:$A$18,"Densidad",Ajustes!$B$5:$B$18,""&$F6),0)+IF(INDEX(Servicios!$F$9:$F$38,MAX(1,$O6))="Sí",SUMIFS(Ajustes!$E$5:$E$18,Ajustes!$A$5:$A$18,"Estado de la fibra",Ajustes!$B$5:$B$18,""&$G6),0)+IF(INDEX(Servicios!$G$9:$G$38,MAX(1,$O6))="Sí",SUMIFS(Ajustes!$E$5:$E$18,Ajustes!$A$5:$A$18,"Canas",Ajustes!$B$5:$B$18,""&$H6),0))/MAX(1,Servicios!$E$5),0)*MAX(1,Servicios!$E$5)) | K6: =IF(OR(I6="",J6=""),"",J6-I6) | L6: =IF(OR(I6="",J6="",I6=0),"",J6/I6-1) | O6: =IF($D6="",0,IFERROR(MATCH($D6,Servicios!$A$9:$A$38,0),0)) | P6: =IF(OR(I6="",J6=""),"",IF(ABS(J6-I6)<=0.05*I6,1,0))
I7: =IF($O7=0,"",ROUND((INDEX(Servicios!$C$9:$C$38,MAX(1,$O7))+IF(INDEX(Servicios!$D$9:$D$38,MAX(1,$O7))="Sí",SUMIFS(Ajustes!$D$5:$D$18,Ajustes!$A$5:$A$18,"Largo",Ajustes!$B$5:$B$18,""&$E7),0)+IF(INDEX(Servicios!$E$9:$E$38,MAX(1,$O7))="Sí",SUMIFS(Ajustes!$D$5:$D$18,Ajustes!$A$5:$A$18,"Densidad",Ajustes!$B$5:$B$18,""&$F7),0)+IF(INDEX(Servicios!$F$9:$F$38,MAX(1,$O7))="Sí",SUMIFS(Ajustes!$D$5:$D$18,Ajustes!$A$5:$A$18,"Estado de la fibra",Ajustes!$B$5:$B$18,""&$G7),0)+IF(INDEX(Servicios!$G$9:$G$38,MAX(1,$O7))="Sí",SUMIFS(Ajustes!$D$5:$D$18,Ajustes!$A$5:$A$18,"Canas",Ajustes!$B$5:$B$18,""&$H7),0))*(1+IF(INDEX(Servicios!$D$9:$D$38,MAX(1,$O7))="Sí",SUMIFS(Ajustes!$E$5:$E$18,Ajustes!$A$5:$A$18,"Largo",Ajustes!$B$5:$B$18,""&$E7),0)+IF(INDEX(Servicios!$E$9:$E$38,MAX(1,$O7))="Sí",SUMIFS(Ajustes!$E$5:$E$18,Ajustes!$A$5:$A$18,"Densidad",Ajustes!$B$5:$B$18,""&$F7),0)+IF(INDEX(Servicios!$F$9:$F$38,MAX(1,$O7))="Sí",SUMIFS(Ajustes!$E$5:$E$18,Ajustes!$A$5:$A$18,"Estado de la fibra",Ajustes!$B$5:$B$18,""&$G7),0)+IF(INDEX(Servicios!$G$9:$G$38,MAX(1,$O7))="Sí",SUMIFS(Ajustes!$E$5:$E$18,Ajustes!$A$5:$A$18,"Canas",Ajustes!$B$5:$B$18,""&$H7),0))/MAX(1,Servicios!$E$5),0)*MAX(1,Servicios!$E$5)) | K7: =IF(OR(I7="",J7=""),"",J7-I7) | L7: =IF(OR(I7="",J7="",I7=0),"",J7/I7-1) | O7: =IF($D7="",0,IFERROR(MATCH($D7,Servicios!$A$9:$A$38,0),0)) | P7: =IF(OR(I7="",J7=""),"",IF(ABS(J7-I7)<=0.05*I7,1,0))
I8: =IF($O8=0,"",ROUND((INDEX(Servicios!$C$9:$C$38,MAX(1,$O8))+IF(INDEX(Servicios!$D$9:$D$38,MAX(1,$O8))="Sí",SUMIFS(Ajustes!$D$5:$D$18,Ajustes!$A$5:$A$18,"Largo",Ajustes!$B$5:$B$18,""&$E8),0)+IF(INDEX(Servicios!$E$9:$E$38,MAX(1,$O8))="Sí",SUMIFS(Ajustes!$D$5:$D$18,Ajustes!$A$5:$A$18,"Densidad",Ajustes!$B$5:$B$18,""&$F8),0)+IF(INDEX(Servicios!$F$9:$F$38,MAX(1,$O8))="Sí",SUMIFS(Ajustes!$D$5:$D$18,Ajustes!$A$5:$A$18,"Estado de la fibra",Ajustes!$B$5:$B$18,""&$G8),0)+IF(INDEX(Servicios!$G$9:$G$38,MAX(1,$O8))="Sí",SUMIFS(Ajustes!$D$5:$D$18,Ajustes!$A$5:$A$18,"Canas",Ajustes!$B$5:$B$18,""&$H8),0))*(1+IF(INDEX(Servicios!$D$9:$D$38,MAX(1,$O8))="Sí",SUMIFS(Ajustes!$E$5:$E$18,Ajustes!$A$5:$A$18,"Largo",Ajustes!$B$5:$B$18,""&$E8),0)+IF(INDEX(Servicios!$E$9:$E$38,MAX(1,$O8))="Sí",SUMIFS(Ajustes!$E$5:$E$18,Ajustes!$A$5:$A$18,"Densidad",Ajustes!$B$5:$B$18,""&$F8),0)+IF(INDEX(Servicios!$F$9:$F$38,MAX(1,$O8))="Sí",SUMIFS(Ajustes!$E$5:$E$18,Ajustes!$A$5:$A$18,"Estado de la fibra",Ajustes!$B$5:$B$18,""&$G8),0)+IF(INDEX(Servicios!$G$9:$G$38,MAX(1,$O8))="Sí",SUMIFS(Ajustes!$E$5:$E$18,Ajustes!$A$5:$A$18,"Canas",Ajustes!$B$5:$B$18,""&$H8),0))/MAX(1,Servicios!$E$5),0)*MAX(1,Servicios!$E$5)) | K8: =IF(OR(I8="",J8=""),"",J8-I8) | L8: =IF(OR(I8="",J8="",I8=0),"",J8/I8-1) | O8: =IF($D8="",0,IFERROR(MATCH($D8,Servicios!$A$9:$A$38,0),0)) | P8: =IF(OR(I8="",J8=""),"",IF(ABS(J8-I8)<=0.05*I8,1,0))
I9: =IF($O9=0,"",ROUND((INDEX(Servicios!$C$9:$C$38,MAX(1,$O9))+IF(INDEX(Servicios!$D$9:$D$38,MAX(1,$O9))="Sí",SUMIFS(Ajustes!$D$5:$D$18,Ajustes!$A$5:$A$18,"Largo",Ajustes!$B$5:$B$18,""&$E9),0)+IF(INDEX(Servicios!$E$9:$E$38,MAX(1,$O9))="Sí",SUMIFS(Ajustes!$D$5:$D$18,Ajustes!$A$5:$A$18,"Densidad",Ajustes!$B$5:$B$18,""&$F9),0)+IF(INDEX(Servicios!$F$9:$F$38,MAX(1,$O9))="Sí",SUMIFS(Ajustes!$D$5:$D$18,Ajustes!$A$5:$A$18,"Estado de la fibra",Ajustes!$B$5:$B$18,""&$G9),0)+IF(INDEX(Servicios!$G$9:$G$38,MAX(1,$O9))="Sí",SUMIFS(Ajustes!$D$5:$D$18,Ajustes!$A$5:$A$18,"Canas",Ajustes!$B$5:$B$18,""&$H9),0))*(1+IF(INDEX(Servicios!$D$9:$D$38,MAX(1,$O9))="Sí",SUMIFS(Ajustes!$E$5:$E$18,Ajustes!$A$5:$A$18,"Largo",Ajustes!$B$5:$B$18,""&$E9),0)+IF(INDEX(Servicios!$E$9:$E$38,MAX(1,$O9))="Sí",SUMIFS(Ajustes!$E$5:$E$18,Ajustes!$A$5:$A$18,"Densidad",Ajustes!$B$5:$B$18,""&$F9),0)+IF(INDEX(Servicios!$F$9:$F$38,MAX(1,$O9))="Sí",SUMIFS(Ajustes!$E$5:$E$18,Ajustes!$A$5:$A$18,"Estado de la fibra",Ajustes!$B$5:$B$18,""&$G9),0)+IF(INDEX(Servicios!$G$9:$G$38,MAX(1,$O9))="Sí",SUMIFS(Ajustes!$E$5:$E$18,Ajustes!$A$5:$A$18,"Canas",Ajustes!$B$5:$B$18,""&$H9),0))/MAX(1,Servicios!$E$5),0)*MAX(1,Servicios!$E$5)) | K9: =IF(OR(I9="",J9=""),"",J9-I9) | L9: =IF(OR(I9="",J9="",I9=0),"",J9/I9-1) | O9: =IF($D9="",0,IFERROR(MATCH($D9,Servicios!$A$9:$A$38,0),0)) | P9: =IF(OR(I9="",J9=""),"",IF(ABS(J9-I9)<=0.05*I9,1,0))
I10: =IF($O10=0,"",ROUND((INDEX(Servicios!$C$9:$C$38,MAX(1,$O10))+IF(INDEX(Servicios!$D$9:$D$38,MAX(1,$O10))="Sí",SUMIFS(Ajustes!$D$5:$D$18,Ajustes!$A$5:$A$18,"Largo",Ajustes!$B$5:$B$18,""&$E10),0)+IF(INDEX(Servicios!$E$9:$E$38,MAX(1,$O10))="Sí",SUMIFS(Ajustes!$D$5:$D$18,Ajustes!$A$5:$A$18,"Densidad",Ajustes!$B$5:$B$18,""&$F10),0)+IF(INDEX(Servicios!$F$9:$F$38,MAX(1,$O10))="Sí",SUMIFS(Ajustes!$D$5:$D$18,Ajustes!$A$5:$A$18,"Estado de la fibra",Ajustes!$B$5:$B$18,""&$G10),0)+IF(INDEX(Servicios!$G$9:$G$38,MAX(1,$O10))="Sí",SUMIFS(Ajustes!$D$5:$D$18,Ajustes!$A$5:$A$18,"Canas",Ajustes!$B$5:$B$18,""&$H10),0))*(1+IF(INDEX(Servicios!$D$9:$D$38,MAX(1,$O10))="Sí",SUMIFS(Ajustes!$E$5:$E$18,Ajustes!$A$5:$A$18,"Largo",Ajustes!$B$5:$B$18,""&$E10),0)+IF(INDEX(Servicios!$E$9:$E$38,MAX(1,$O10))="Sí",SUMIFS(Ajustes!$E$5:$E$18,Ajustes!$A$5:$A$18,"Densidad",Ajustes!$B$5:$B$18,""&$F10),0)+IF(INDEX(Servicios!$F$9:$F$38,MAX(1,$O10))="Sí",SUMIFS(Ajustes!$E$5:$E$18,Ajustes!$A$5:$A$18,"Estado de la fibra",Ajustes!$B$5:$B$18,""&$G10),0)+IF(INDEX(Servicios!$G$9:$G$38,MAX(1,$O10))="Sí",SUMIFS(Ajustes!$E$5:$E$18,Ajustes!$A$5:$A$18,"Canas",Ajustes!$B$5:$B$18,""&$H10),0))/MAX(1,Servicios!$E$5),0)*MAX(1,Servicios!$E$5)) | K10: =IF(OR(I10="",J10=""),"",J10-I10) | L10: =IF(OR(I10="",J10="",I10=0),"",J10/I10-1) | O10: =IF($D10="",0,IFERROR(MATCH($D10,Servicios!$A$9:$A$38,0),0)) | P10: =IF(OR(I10="",J10=""),"",IF(ABS(J10-I10)<=0.05*I10,1,0))
I11: =IF($O11=0,"",ROUND((INDEX(Servicios!$C$9:$C$38,MAX(1,$O11))+IF(INDEX(Servicios!$D$9:$D$38,MAX(1,$O11))="Sí",SUMIFS(Ajustes!$D$5:$D$18,Ajustes!$A$5:$A$18,"Largo",Ajustes!$B$5:$B$18,""&$E11),0)+IF(INDEX(Servicios!$E$9:$E$38,MAX(1,$O11))="Sí",SUMIFS(Ajustes!$D$5:$D$18,Ajustes!$A$5:$A$18,"Densidad",Ajustes!$B$5:$B$18,""&$F11),0)+IF(INDEX(Servicios!$F$9:$F$38,MAX(1,$O11))="Sí",SUMIFS(Ajustes!$D$5:$D$18,Ajustes!$A$5:$A$18,"Estado de la fibra",Ajustes!$B$5:$B$18,""&$G11),0)+IF(INDEX(Servicios!$G$9:$G$38,MAX(1,$O11))="Sí",SUMIFS(Ajustes!$D$5:$D$18,Ajustes!$A$5:$A$18,"Canas",Ajustes!$B$5:$B$18,""&$H11),0))*(1+IF(INDEX(Servicios!$D$9:$D$38,MAX(1,$O11))="Sí",SUMIFS(Ajustes!$E$5:$E$18,Ajustes!$A$5:$A$18,"Largo",Ajustes!$B$5:$B$18,""&$E11),0)+IF(INDEX(Servicios!$E$9:$E$38,MAX(1,$O11))="Sí",SUMIFS(Ajustes!$E$5:$E$18,Ajustes!$A$5:$A$18,"Densidad",Ajustes!$B$5:$B$18,""&$F11),0)+IF(INDEX(Servicios!$F$9:$F$38,MAX(1,$O11))="Sí",SUMIFS(Ajustes!$E$5:$E$18,Ajustes!$A$5:$A$18,"Estado de la fibra",Ajustes!$B$5:$B$18,""&$G11),0)+IF(INDEX(Servicios!$G$9:$G$38,MAX(1,$O11))="Sí",SUMIFS(Ajustes!$E$5:$E$18,Ajustes!$A$5:$A$18,"Canas",Ajustes!$B$5:$B$18,""&$H11),0))/MAX(1,Servicios!$E$5),0)*MAX(1,Servicios!$E$5)) | K11: =IF(OR(I11="",J11=""),"",J11-I11) | L11: =IF(OR(I11="",J11="",I11=0),"",J11/I11-1) | O11: =IF($D11="",0,IFERROR(MATCH($D11,Servicios!$A$9:$A$38,0),0)) | P11: =IF(OR(I11="",J11=""),"",IF(ABS(J11-I11)<=0.05*I11,1,0))
I12: =IF($O12=0,"",ROUND((INDEX(Servicios!$C$9:$C$38,MAX(1,$O12))+IF(INDEX(Servicios!$D$9:$D$38,MAX(1,$O12))="Sí",SUMIFS(Ajustes!$D$5:$D$18,Ajustes!$A$5:$A$18,"Largo",Ajustes!$B$5:$B$18,""&$E12),0)+IF(INDEX(Servicios!$E$9:$E$38,MAX(1,$O12))="Sí",SUMIFS(Ajustes!$D$5:$D$18,Ajustes!$A$5:$A$18,"Densidad",Ajustes!$B$5:$B$18,""&$F12),0)+IF(INDEX(Servicios!$F$9:$F$38,MAX(1,$O12))="Sí",SUMIFS(Ajustes!$D$5:$D$18,Ajustes!$A$5:$A$18,"Estado de la fibra",Ajustes!$B$5:$B$18,""&$G12),0)+IF(INDEX(Servicios!$G$9:$G$38,MAX(1,$O12))="Sí",SUMIFS(Ajustes!$D$5:$D$18,Ajustes!$A$5:$A$18,"Canas",Ajustes!$B$5:$B$18,""&$H12),0))*(1+IF(INDEX(Servicios!$D$9:$D$38,MAX(1,$O12))="Sí",SUMIFS(Ajustes!$E$5:$E$18,Ajustes!$A$5:$A$18,"Largo",Ajustes!$B$5:$B$18,""&$E12),0)+IF(INDEX(Servicios!$E$9:$E$38,MAX(1,$O12))="Sí",SUMIFS(Ajustes!$E$5:$E$18,Ajustes!$A$5:$A$18,"Densidad",Ajustes!$B$5:$B$18,""&$F12),0)+IF(INDEX(Servicios!$F$9:$F$38,MAX(1,$O12))="Sí",SUMIFS(Ajustes!$E$5:$E$18,Ajustes!$A$5:$A$18,"Estado de la fibra",Ajustes!$B$5:$B$18,""&$G12),0)+IF(INDEX(Servicios!$G$9:$G$38,MAX(1,$O12))="Sí",SUMIFS(Ajustes!$E$5:$E$18,Ajustes!$A$5:$A$18,"Canas",Ajustes!$B$5:$B$18,""&$H12),0))/MAX(1,Servicios!$E$5),0)*MAX(1,Servicios!$E$5)) | K12: =IF(OR(I12="",J12=""),"",J12-I12) | L12: =IF(OR(I12="",J12="",I12=0),"",J12/I12-1) | O12: =IF($D12="",0,IFERROR(MATCH($D12,Servicios!$A$9:$A$38,0),0)) | P12: =IF(OR(I12="",J12=""),"",IF(ABS(J12-I12)<=0.05*I12,1,0))
I13: =IF($O13=0,"",ROUND((INDEX(Servicios!$C$9:$C$38,MAX(1,$O13))+IF(INDEX(Servicios!$D$9:$D$38,MAX(1,$O13))="Sí",SUMIFS(Ajustes!$D$5:$D$18,Ajustes!$A$5:$A$18,"Largo",Ajustes!$B$5:$B$18,""&$E13),0)+IF(INDEX(Servicios!$E$9:$E$38,MAX(1,$O13))="Sí",SUMIFS(Ajustes!$D$5:$D$18,Ajustes!$A$5:$A$18,"Densidad",Ajustes!$B$5:$B$18,""&$F13),0)+IF(INDEX(Servicios!$F$9:$F$38,MAX(1,$O13))="Sí",SUMIFS(Ajustes!$D$5:$D$18,Ajustes!$A$5:$A$18,"Estado de la fibra",Ajustes!$B$5:$B$18,""&$G13),0)+IF(INDEX(Servicios!$G$9:$G$38,MAX(1,$O13))="Sí",SUMIFS(Ajustes!$D$5:$D$18,Ajustes!$A$5:$A$18,"Canas",Ajustes!$B$5:$B$18,""&$H13),0))*(1+IF(INDEX(Servicios!$D$9:$D$38,MAX(1,$O13))="Sí",SUMIFS(Ajustes!$E$5:$E$18,Ajustes!$A$5:$A$18,"Largo",Ajustes!$B$5:$B$18,""&$E13),0)+IF(INDEX(Servicios!$E$9:$E$38,MAX(1,$O13))="Sí",SUMIFS(Ajustes!$E$5:$E$18,Ajustes!$A$5:$A$18,"Densidad",Ajustes!$B$5:$B$18,""&$F13),0)+IF(INDEX(Servicios!$F$9:$F$38,MAX(1,$O13))="Sí",SUMIFS(Ajustes!$E$5:$E$18,Ajustes!$A$5:$A$18,"Estado de la fibra",Ajustes!$B$5:$B$18,""&$G13),0)+IF(INDEX(Servicios!$G$9:$G$38,MAX(1,$O13))="Sí",SUMIFS(Ajustes!$E$5:$E$18,Ajustes!$A$5:$A$18,"Canas",Ajustes!$B$5:$B$18,""&$H13),0))/MAX(1,Servicios!$E$5),0)*MAX(1,Servicios!$E$5)) | K13: =IF(OR(I13="",J13=""),"",J13-I13) | L13: =IF(OR(I13="",J13="",I13=0),"",J13/I13-1) | O13: =IF($D13="",0,IFERROR(MATCH($D13,Servicios!$A$9:$A$38,0),0)) | P13: =IF(OR(I13="",J13=""),"",IF(ABS(J13-I13)<=0.05*I13,1,0))
I14: =IF($O14=0,"",ROUND((INDEX(Servicios!$C$9:$C$38,MAX(1,$O14))+IF(INDEX(Servicios!$D$9:$D$38,MAX(1,$O14))="Sí",SUMIFS(Ajustes!$D$5:$D$18,Ajustes!$A$5:$A$18,"Largo",Ajustes!$B$5:$B$18,""&$E14),0)+IF(INDEX(Servicios!$E$9:$E$38,MAX(1,$O14))="Sí",SUMIFS(Ajustes!$D$5:$D$18,Ajustes!$A$5:$A$18,"Densidad",Ajustes!$B$5:$B$18,""&$F14),0)+IF(INDEX(Servicios!$F$9:$F$38,MAX(1,$O14))="Sí",SUMIFS(Ajustes!$D$5:$D$18,Ajustes!$A$5:$A$18,"Estado de la fibra",Ajustes!$B$5:$B$18,""&$G14),0)+IF(INDEX(Servicios!$G$9:$G$38,MAX(1,$O14))="Sí",SUMIFS(Ajustes!$D$5:$D$18,Ajustes!$A$5:$A$18,"Canas",Ajustes!$B$5:$B$18,""&$H14),0))*(1+IF(INDEX(Servicios!$D$9:$D$38,MAX(1,$O14))="Sí",SUMIFS(Ajustes!$E$5:$E$18,Ajustes!$A$5:$A$18,"Largo",Ajustes!$B$5:$B$18,""&$E14),0)+IF(INDEX(Servicios!$E$9:$E$38,MAX(1,$O14))="Sí",SUMIFS(Ajustes!$E$5:$E$18,Ajustes!$A$5:$A$18,"Densidad",Ajustes!$B$5:$B$18,""&$F14),0)+IF(INDEX(Servicios!$F$9:$F$38,MAX(1,$O14))="Sí",SUMIFS(Ajustes!$E$5:$E$18,Ajustes!$A$5:$A$18,"Estado de la fibra",Ajustes!$B$5:$B$18,""&$G14),0)+IF(INDEX(Servicios!$G$9:$G$38,MAX(1,$O14))="Sí",SUMIFS(Ajustes!$E$5:$E$18,Ajustes!$A$5:$A$18,"Canas",Ajustes!$B$5:$B$18,""&$H14),0))/MAX(1,Servicios!$E$5),0)*MAX(1,Servicios!$E$5)) | K14: =IF(OR(I14="",J14=""),"",J14-I14) | L14: =IF(OR(I14="",J14="",I14=0),"",J14/I14-1) | O14: =IF($D14="",0,IFERROR(MATCH($D14,Servicios!$A$9:$A$38,0),0)) | P14: =IF(OR(I14="",J14=""),"",IF(ABS(J14-I14)<=0.05*I14,1,0))
I15: =IF($O15=0,"",ROUND((INDEX(Servicios!$C$9:$C$38,MAX(1,$O15))+IF(INDEX(Servicios!$D$9:$D$38,MAX(1,$O15))="Sí",SUMIFS(Ajustes!$D$5:$D$18,Ajustes!$A$5:$A$18,"Largo",Ajustes!$B$5:$B$18,""&$E15),0)+IF(INDEX(Servicios!$E$9:$E$38,MAX(1,$O15))="Sí",SUMIFS(Ajustes!$D$5:$D$18,Ajustes!$A$5:$A$18,"Densidad",Ajustes!$B$5:$B$18,""&$F15),0)+IF(INDEX(Servicios!$F$9:$F$38,MAX(1,$O15))="Sí",SUMIFS(Ajustes!$D$5:$D$18,Ajustes!$A$5:$A$18,"Estado de la fibra",Ajustes!$B$5:$B$18,""&$G15),0)+IF(INDEX(Servicios!$G$9:$G$38,MAX(1,$O15))="Sí",SUMIFS(Ajustes!$D$5:$D$18,Ajustes!$A$5:$A$18,"Canas",Ajustes!$B$5:$B$18,""&$H15),0))*(1+IF(INDEX(Servicios!$D$9:$D$38,MAX(1,$O15))="Sí",SUMIFS(Ajustes!$E$5:$E$18,Ajustes!$A$5:$A$18,"Largo",Ajustes!$B$5:$B$18,""&$E15),0)+IF(INDEX(Servicios!$E$9:$E$38,MAX(1,$O15))="Sí",SUMIFS(Ajustes!$E$5:$E$18,Ajustes!$A$5:$A$18,"Densidad",Ajustes!$B$5:$B$18,""&$F15),0)+IF(INDEX(Servicios!$F$9:$F$38,MAX(1,$O15))="Sí",SUMIFS(Ajustes!$E$5:$E$18,Ajustes!$A$5:$A$18,"Estado de la fibra",Ajustes!$B$5:$B$18,""&$G15),0)+IF(INDEX(Servicios!$G$9:$G$38,MAX(1,$O15))="Sí",SUMIFS(Ajustes!$E$5:$E$18,Ajustes!$A$5:$A$18,"Canas",Ajustes!$B$5:$B$18,""&$H15),0))/MAX(1,Servicios!$E$5),0)*MAX(1,Servicios!$E$5)) | K15: =IF(OR(I15="",J15=""),"",J15-I15) | L15: =IF(OR(I15="",J15="",I15=0),"",J15/I15-1) | O15: =IF($D15="",0,IFERROR(MATCH($D15,Servicios!$A$9:$A$38,0),0)) | P15: =IF(OR(I15="",J15=""),"",IF(ABS(J15-I15)<=0.05*I15,1,0))
I16: =IF($O16=0,"",ROUND((INDEX(Servicios!$C$9:$C$38,MAX(1,$O16))+IF(INDEX(Servicios!$D$9:$D$38,MAX(1,$O16))="Sí",SUMIFS(Ajustes!$D$5:$D$18,Ajustes!$A$5:$A$18,"Largo",Ajustes!$B$5:$B$18,""&$E16),0)+IF(INDEX(Servicios!$E$9:$E$38,MAX(1,$O16))="Sí",SUMIFS(Ajustes!$D$5:$D$18,Ajustes!$A$5:$A$18,"Densidad",Ajustes!$B$5:$B$18,""&$F16),0)+IF(INDEX(Servicios!$F$9:$F$38,MAX(1,$O16))="Sí",SUMIFS(Ajustes!$D$5:$D$18,Ajustes!$A$5:$A$18,"Estado de la fibra",Ajustes!$B$5:$B$18,""&$G16),0)+IF(INDEX(Servicios!$G$9:$G$38,MAX(1,$O16))="Sí",SUMIFS(Ajustes!$D$5:$D$18,Ajustes!$A$5:$A$18,"Canas",Ajustes!$B$5:$B$18,""&$H16),0))*(1+IF(INDEX(Servicios!$D$9:$D$38,MAX(1,$O16))="Sí",SUMIFS(Ajustes!$E$5:$E$18,Ajustes!$A$5:$A$18,"Largo",Ajustes!$B$5:$B$18,""&$E16),0)+IF(INDEX(Servicios!$E$9:$E$38,MAX(1,$O16))="Sí",SUMIFS(Ajustes!$E$5:$E$18,Ajustes!$A$5:$A$18,"Densidad",Ajustes!$B$5:$B$18,""&$F16),0)+IF(INDEX(Servicios!$F$9:$F$38,MAX(1,$O16))="Sí",SUMIFS(Ajustes!$E$5:$E$18,Ajustes!$A$5:$A$18,"Estado de la fibra",Ajustes!$B$5:$B$18,""&$G16),0)+IF(INDEX(Servicios!$G$9:$G$38,MAX(1,$O16))="Sí",SUMIFS(Ajustes!$E$5:$E$18,Ajustes!$A$5:$A$18,"Canas",Ajustes!$B$5:$B$18,""&$H16),0))/MAX(1,Servicios!$E$5),0)*MAX(1,Servicios!$E$5)) | K16: =IF(OR(I16="",J16=""),"",J16-I16) | L16: =IF(OR(I16="",J16="",I16=0),"",J16/I16-1) | O16: =IF($D16="",0,IFERROR(MATCH($D16,Servicios!$A$9:$A$38,0),0)) | P16: =IF(OR(I16="",J16=""),"",IF(ABS(J16-I16)<=0.05*I16,1,0))
I17: =IF($O17=0,"",ROUND((INDEX(Servicios!$C$9:$C$38,MAX(1,$O17))+IF(INDEX(Servicios!$D$9:$D$38,MAX(1,$O17))="Sí",SUMIFS(Ajustes!$D$5:$D$18,Ajustes!$A$5:$A$18,"Largo",Ajustes!$B$5:$B$18,""&$E17),0)+IF(INDEX(Servicios!$E$9:$E$38,MAX(1,$O17))="Sí",SUMIFS(Ajustes!$D$5:$D$18,Ajustes!$A$5:$A$18,"Densidad",Ajustes!$B$5:$B$18,""&$F17),0)+IF(INDEX(Servicios!$F$9:$F$38,MAX(1,$O17))="Sí",SUMIFS(Ajustes!$D$5:$D$18,Ajustes!$A$5:$A$18,"Estado de la fibra",Ajustes!$B$5:$B$18,""&$G17),0)+IF(INDEX(Servicios!$G$9:$G$38,MAX(1,$O17))="Sí",SUMIFS(Ajustes!$D$5:$D$18,Ajustes!$A$5:$A$18,"Canas",Ajustes!$B$5:$B$18,""&$H17),0))*(1+IF(INDEX(Servicios!$D$9:$D$38,MAX(1,$O17))="Sí",SUMIFS(Ajustes!$E$5:$E$18,Ajustes!$A$5:$A$18,"Largo",Ajustes!$B$5:$B$18,""&$E17),0)+IF(INDEX(Servicios!$E$9:$E$38,MAX(1,$O17))="Sí",SUMIFS(Ajustes!$E$5:$E$18,Ajustes!$A$5:$A$18,"Densidad",Ajustes!$B$5:$B$18,""&$F17),0)+IF(INDEX(Servicios!$F$9:$F$38,MAX(1,$O17))="Sí",SUMIFS(Ajustes!$E$5:$E$18,Ajustes!$A$5:$A$18,"Estado de la fibra",Ajustes!$B$5:$B$18,""&$G17),0)+IF(INDEX(Servicios!$G$9:$G$38,MAX(1,$O17))="Sí",SUMIFS(Ajustes!$E$5:$E$18,Ajustes!$A$5:$A$18,"Canas",Ajustes!$B$5:$B$18,""&$H17),0))/MAX(1,Servicios!$E$5),0)*MAX(1,Servicios!$E$5)) | K17: =IF(OR(I17="",J17=""),"",J17-I17) | L17: =IF(OR(I17="",J17="",I17=0),"",J17/I17-1) | O17: =IF($D17="",0,IFERROR(MATCH($D17,Servicios!$A$9:$A$38,0),0)) | P17: =IF(OR(I17="",J17=""),"",IF(ABS(J17-I17)<=0.05*I17,1,0))
... I104: =IF($O104=0,"",ROUND((INDEX(Servicios!$C$9:$C$38,MAX(1,$O104))+IF(INDEX(Servicios!$D$9:$D$38,MAX(1,$O104))="Sí",SUMIFS(Ajustes!$D$5:$D$18,Ajustes!$A$5:$A$18,"Largo",Ajustes!$B$5:$B$18,""&$E104),0)+IF(INDEX(Servicios!$E$9:$E$38,MAX(1,$O104))="Sí",SUMIFS(Ajustes!$D$5:$D$18,Ajustes!$A$5:$A$18,"Densidad",Ajustes!$B$5:$B$18,""&$F104),0)+IF(INDEX(Servicios!$F$9:$F$38,MAX(1,$O104))="Sí",SUMIFS(Ajustes!$D$5:$D$18,Ajustes!$A$5:$A$18,"Estado de la fibra",Ajustes!$B$5:$B$18,""&$G104),0)+IF(INDEX(Servicios!$G$9:$G$38,MAX(1,$O104))="Sí",SUMIFS(Ajustes!$D$5:$D$18,Ajustes!$A$5:$A$18,"Canas",Ajustes!$B$5:$B$18,""&$H104),0))*(1+IF(INDEX(Servicios!$D$9:$D$38,MAX(1,$O104))="Sí",SUMIFS(Ajustes!$E$5:$E$18,Ajustes!$A$5:$A$18,"Largo",Ajustes!$B$5:$B$18,""&$E104),0)+IF(INDEX(Servicios!$E$9:$E$38,MAX(1,$O104))="Sí",SUMIFS(Ajustes!$E$5:$E$18,Ajustes!$A$5:$A$18,"Densidad",Ajustes!$B$5:$B$18,""&$F104),0)+IF(INDEX(Servicios!$F$9:$F$38,MAX(1,$O104))="Sí",SUMIFS(Ajustes!$E$5:$E$18,Ajustes!$A$5:$A$18,"Estado de la fibra",Ajustes!$B$5:$B$18,""&$G104),0)+IF(INDEX(Servicios!$G$9:$G$38,MAX(1,$O104))="Sí",SUMIFS(Ajustes!$E$5:$E$18,Ajustes!$A$5:$A$18,"Canas",Ajustes!$B$5:$B$18,""&$H104),0))/MAX(1,Servicios!$E$5),0)*MAX(1,Servicios!$E$5)) | K104: =IF(OR(I104="",J104=""),"",J104-I104) | L104: =IF(OR(I104="",J104="",I104=0),"",J104/I104-1) | O104: =IF($D104="",0,IFERROR(MATCH($D104,Servicios!$A$9:$A$38,0),0)) | P104: =IF(OR(I104="",J104=""),"",IF(ABS(J104-I104)<=0.05*I104,1,0))

Sheet Resumen
A1: Resumen de la prueba
A2: Se llena solo con lo anotado en Registro. Responde: ¿el salón cobra lo que dice la hoja? ¿Quién se separa y cuánto?
A4: Casos con precio de la hoja y cobro | B4: =COUNT(Registro!$P$5:$P$104)
A5: Cobrados al precio de la hoja (±5 %) | B5: =IF(B4=0,0,SUM(Registro!$P$5:$P$104)/B4)
A6: Lo cobrado frente a la hoja (todos los casos) | B6: =IF(SUMIFS(Registro!$I$5:$I$104,Registro!$P$5:$P$104,">=0")=0,0,SUMIFS(Registro!$J$5:$J$104,Registro!$P$5:$P$104,">=0")/SUMIFS(Registro!$I$5:$I$104,Registro!$P$5:$P$104,">=0")-1) | C6: Positivo: se cobró más que la hoja. Negativo: menos.
A8: Estilista | B8: Casos | C8: Cobró frente a la hoja | D8: Casos fuera de ±5 %
A9: =IF(Comisiones!$A$5="","",Comisiones!$A$5) | B9: =IF(A9="","",COUNTIFS(Registro!$B$5:$B$104,""&A9,Registro!$P$5:$P$104,">=0")) | C9: =IF(A9="","",IF(B9=0,"",SUMIFS(Registro!$J$5:$J$104,Registro!$B$5:$B$104,""&A9,Registro!$P$5:$P$104,">=0")/SUMIFS(Registro!$I$5:$I$104,Registro!$B$5:$B$104,""&A9,Registro!$P$5:$P$104,">=0")-1)) | D9: =IF(A9="","",IF(B9=0,"",COUNTIFS(Registro!$B$5:$B$104,""&A9,Registro!$P$5:$P$104,0)))
A10: =IF(Comisiones!$A$6="","",Comisiones!$A$6) | B10: =IF(A10="","",COUNTIFS(Registro!$B$5:$B$104,""&A10,Registro!$P$5:$P$104,">=0")) | C10: =IF(A10="","",IF(B10=0,"",SUMIFS(Registro!$J$5:$J$104,Registro!$B$5:$B$104,""&A10,Registro!$P$5:$P$104,">=0")/SUMIFS(Registro!$I$5:$I$104,Registro!$B$5:$B$104,""&A10,Registro!$P$5:$P$104,">=0")-1)) | D10: =IF(A10="","",IF(B10=0,"",COUNTIFS(Registro!$B$5:$B$104,""&A10,Registro!$P$5:$P$104,0)))
A11: =IF(Comisiones!$A$7="","",Comisiones!$A$7) | B11: =IF(A11="","",COUNTIFS(Registro!$B$5:$B$104,""&A11,Registro!$P$5:$P$104,">=0")) | C11: =IF(A11="","",IF(B11=0,"",SUMIFS(Registro!$J$5:$J$104,Registro!$B$5:$B$104,""&A11,Registro!$P$5:$P$104,">=0")/SUMIFS(Registro!$I$5:$I$104,Registro!$B$5:$B$104,""&A11,Registro!$P$5:$P$104,">=0")-1)) | D11: =IF(A11="","",IF(B11=0,"",COUNTIFS(Registro!$B$5:$B$104,""&A11,Registro!$P$5:$P$104,0)))
A12: =IF(Comisiones!$A$8="","",Comisiones!$A$8) | B12: =IF(A12="","",COUNTIFS(Registro!$B$5:$B$104,""&A12,Registro!$P$5:$P$104,">=0")) | C12: =IF(A12="","",IF(B12=0,"",SUMIFS(Registro!$J$5:$J$104,Registro!$B$5:$B$104,""&A12,Registro!$P$5:$P$104,">=0")/SUMIFS(Registro!$I$5:$I$104,Registro!$B$5:$B$104,""&A12,Registro!$P$5:$P$104,">=0")-1)) | D12: =IF(A12="","",IF(B12=0,"",COUNTIFS(Registro!$B$5:$B$104,""&A12,Registro!$P$5:$P$104,0)))
A13: =IF(Comisiones!$A$9="","",Comisiones!$A$9) | B13: =IF(A13="","",COUNTIFS(Registro!$B$5:$B$104,""&A13,Registro!$P$5:$P$104,">=0")) | C13: =IF(A13="","",IF(B13=0,"",SUMIFS(Registro!$J$5:$J$104,Registro!$B$5:$B$104,""&A13,Registro!$P$5:$P$104,">=0")/SUMIFS(Registro!$I$5:$I$104,Registro!$B$5:$B$104,""&A13,Registro!$P$5:$P$104,">=0")-1)) | D13: =IF(A13="","",IF(B13=0,"",COUNTIFS(Registro!$B$5:$B$104,""&A13,Registro!$P$5:$P$104,0)))
A14: =IF(Comisiones!$A$10="","",Comisiones!$A$10) | B14: =IF(A14="","",COUNTIFS(Registro!$B$5:$B$104,""&A14,Registro!$P$5:$P$104,">=0")) | C14: =IF(A14="","",IF(B14=0,"",SUMIFS(Registro!$J$5:$J$104,Registro!$B$5:$B$104,""&A14,Registro!$P$5:$P$104,">=0")/SUMIFS(Registro!$I$5:$I$104,Registro!$B$5:$B$104,""&A14,Registro!$P$5:$P$104,">=0")-1)) | D14: =IF(A14="","",IF(B14=0,"",COUNTIFS(Registro!$B$5:$B$104,""&A14,Registro!$P$5:$P$104,0)))
A15: =IF(Comisiones!$A$11="","",Comisiones!$A$11) | B15: =IF(A15="","",COUNTIFS(Registro!$B$5:$B$104,""&A15,Registro!$P$5:$P$104,">=0")) | C15: =IF(A15="","",IF(B15=0,"",SUMIFS(Registro!$J$5:$J$104,Registro!$B$5:$B$104,""&A15,Registro!$P$5:$P$104,">=0")/SUMIFS(Registro!$I$5:$I$104,Registro!$B$5:$B$104,""&A15,Registro!$P$5:$P$104,">=0")-1)) | D15: =IF(A15="","",IF(B15=0,"",COUNTIFS(Registro!$B$5:$B$104,""&A15,Registro!$P$5:$P$104,0)))
A16: =IF(Comisiones!$A$12="","",Comisiones!$A$12) | B16: =IF(A16="","",COUNTIFS(Registro!$B$5:$B$104,""&A16,Registro!$P$5:$P$104,">=0")) | C16: =IF(A16="","",IF(B16=0,"",SUMIFS(Registro!$J$5:$J$104,Registro!$B$5:$B$104,""&A16,Registro!$P$5:$P$104,">=0")/SUMIFS(Registro!$I$5:$I$104,Registro!$B$5:$B$104,""&A16,Registro!$P$5:$P$104,">=0")-1)) | D16: =IF(A16="","",IF(B16=0,"",COUNTIFS(Registro!$B$5:$B$104,""&A16,Registro!$P$5:$P$104,0)))
A17: =IF(Comisiones!$A$13="","",Comisiones!$A$13) | B17: =IF(A17="","",COUNTIFS(Registro!$B$5:$B$104,""&A17,Registro!$P$5:$P$104,">=0")) | C17: =IF(A17="","",IF(B17=0,"",SUMIFS(Registro!$J$5:$J$104,Registro!$B$5:$B$104,""&A17,Registro!$P$5:$P$104,">=0")/SUMIFS(Registro!$I$5:$I$104,Registro!$B$5:$B$104,""&A17,Registro!$P$5:$P$104,">=0")-1)) | D17: =IF(A17="","",IF(B17=0,"",COUNTIFS(Registro!$B$5:$B$104,""&A17,Registro!$P$5:$P$104,0)))
A18: =IF(Comisiones!$A$14="","",Comisiones!$A$14) | B18: =IF(A18="","",COUNTIFS(Registro!$B$5:$B$104,""&A18,Registro!$P$5:$P$104,">=0")) | C18: =IF(A18="","",IF(B18=0,"",SUMIFS(Registro!$J$5:$J$104,Registro!$B$5:$B$104,""&A18,Registro!$P$5:$P$104,">=0")/SUMIFS(Registro!$I$5:$I$104,Registro!$B$5:$B$104,""&A18,Registro!$P$5:$P$104,">=0")-1)) | D18: =IF(A18="","",IF(B18=0,"",COUNTIFS(Registro!$B$5:$B$104,""&A18,Registro!$P$5:$P$104,0)))
A19: =IF(Comisiones!$A$15="","",Comisiones!$A$15) | B19: =IF(A19="","",COUNTIFS(Registro!$B$5:$B$104,""&A19,Registro!$P$5:$P$104,">=0")) | C19: =IF(A19="","",IF(B19=0,"",SUMIFS(Registro!$J$5:$J$104,Registro!$B$5:$B$104,""&A19,Registro!$P$5:$P$104,">=0")/SUMIFS(Registro!$I$5:$I$104,Registro!$B$5:$B$104,""&A19,Registro!$P$5:$P$104,">=0")-1)) | D19: =IF(A19="","",IF(B19=0,"",COUNTIFS(Registro!$B$5:$B$104,""&A19,Registro!$P$5:$P$104,0)))
A20: =IF(Comisiones!$A$16="","",Comisiones!$A$16) | B20: =IF(A20="","",COUNTIFS(Registro!$B$5:$B$104,""&A20,Registro!$P$5:$P$104,">=0")) | C20: =IF(A20="","",IF(B20=0,"",SUMIFS(Registro!$J$5:$J$104,Registro!$B$5:$B$104,""&A20,Registro!$P$5:$P$104,">=0")/SUMIFS(Registro!$I$5:$I$104,Registro!$B$5:$B$104,""&A20,Registro!$P$5:$P$104,">=0")-1)) | D20: =IF(A20="","",IF(B20=0,"",COUNTIFS(Registro!$B$5:$B$104,""&A20,Registro!$P$5:$P$104,0)))
A21: =IF(Comisiones!$A$17="","",Comisiones!$A$17) | B21: =IF(A21="","",COUNTIFS(Registro!$B$5:$B$104,""&A21,Registro!$P$5:$P$104,">=0")) | C21: =IF(A21="","",IF(B21=0,"",SUMIFS(Registro!$J$5:$J$104,Registro!$B$5:$B$104,""&A21,Registro!$P$5:$P$104,">=0")/SUMIFS(Registro!$I$5:$I$104,Registro!$B$5:$B$104,""&A21,Registro!$P$5:$P$104,">=0")-1)) | D21: =IF(A21="","",IF(B21=0,"",COUNTIFS(Registro!$B$5:$B$104,""&A21,Registro!$P$5:$P$104,0)))
A22: =IF(Comisiones!$A$18="","",Comisiones!$A$18) | B22: =IF(A22="","",COUNTIFS(Registro!$B$5:$B$104,""&A22,Registro!$P$5:$P$104,">=0")) | C22: =IF(A22="","",IF(B22=0,"",SUMIFS(Registro!$J$5:$J$104,Registro!$B$5:$B$104,""&A22,Registro!$P$5:$P$104,">=0")/SUMIFS(Registro!$I$5:$I$104,Registro!$B$5:$B$104,""&A22,Registro!$P$5:$P$104,">=0")-1)) | D22: =IF(A22="","",IF(B22=0,"",COUNTIFS(Registro!$B$5:$B$104,""&A22,Registro!$P$5:$P$104,0)))
A23: =IF(Comisiones!$A$19="","",Comisiones!$A$19) | B23: =IF(A23="","",COUNTIFS(Registro!$B$5:$B$104,""&A23,Registro!$P$5:$P$104,">=0")) | C23: =IF(A23="","",IF(B23=0,"",SUMIFS(Registro!$J$5:$J$104,Registro!$B$5:$B$104,""&A23,Registro!$P$5:$P$104,">=0")/SUMIFS(Registro!$I$5:$I$104,Registro!$B$5:$B$104,""&A23,Registro!$P$5:$P$104,">=0")-1)) | D23: =IF(A23="","",IF(B23=0,"",COUNTIFS(Registro!$B$5:$B$104,""&A23,Registro!$P$5:$P$104,0)))
